FIFA Version Name,Name,Position,Age,Overall rating,Potential,Team,Contract Dates,Height,Weight,Foot,Best overall,Best position,Joined,Value,Wage,Release clause,Total attacking,Crossing,Finishing,Heading accuracy,Short passing,Volleys,Total skill,Dribbling,Curve,FK Accuracy,Long passing,Ball control,Total movement,Acceleration,Sprint speed,Agility,Reactions,Balance,Total power,Shot power,Jumping,Stamina,Strength,Long shots,Total mentality,Aggression,Interceptions,Att. Position,Vision,Penalties,Composure,Total defending,Marking,Standing tackle,Sliding tackle,Total goalkeeping,GK Diving,GK Handling,GK Kicking,GK Positioning,GK Reflexes,Total stats,Base stats,Weak foot,Skill moves,Attacking work rate,Defensive work rate,International reputation,Body type,Real face,Pace / Diving,Shooting / Handling,Pacing / Kicking,Dribbling / Reflexes,Defending / Pace,Physical / Positioning,Nationality,Player Specialities,Club League Name,Club Position,Club Kit Number,Contract Valid Until,National Team Position,National Team Kit Number,Player Image URL,Profile URL
FIFA 18,L. Messi,"CF, ST, RW",30,94,94,FC Barcelona,2004 ~ 2021,"170cm / 5'7""",72kg / 159lbs,Left,93,CAM,1-Jul-04,€118.5M,€575K,€242.9M,417,77,95,71,88,86,462,97,90,92,87,96,459,92,87,90,95,95,372,85,67,73,59,88,330,48,22,93,92,75,97,67,13,28,26,54,6,11,15,14,8,2161,449,4,4,Medium,Medium,5,Unique,Yes,89,90,87,96,26,61,Argentina,"Dribbler, FK Specialist, Acrobat, Clinical finisher",La Liga,RS,10,2021,RW,10,https://cdn.sofifa.net/players/158/023/18_120.png,https://sofifa.com/player/158023/lionel-messi/180084/
FIFA 18,Cristiano Ronaldo,"LW, ST",32,94,94,Real Madrid,2009 ~ 2021,"187cm / 6'2""",83kg / 183lbs,Right,92,ST,1-Jul-09,€95.5M,€575K,€195.8M,438,85,94,88,83,88,418,91,81,76,77,93,428,89,91,89,96,63,453,94,95,92,80,92,357,63,29,95,85,85,95,76,22,31,23,58,7,11,15,14,11,2228,468,4,5,High,Low,5,Unique,Yes,90,93,82,90,33,80,Portugal,"Speedster, Dribbler, Distance shooter, Acrobat, Clinical finisher, Complete forward",La Liga,LW,7,2021,LS,7,https://cdn.sofifa.net/players/020/801/18_120.png,https://sofifa.com/player/20801/c-ronaldo-dos-santos-aveiro/180084/
FIFA 18,Neymar,LW,25,92,93,Paris Saint-Germain,2017 ~ 2022,"175cm / 5'9""",68kg / 150lbs,Right,89,CAM,3-Aug-17,€119.5M,€275K,€230M,390,75,88,62,82,83,432,96,82,84,75,95,450,94,90,96,88,82,350,80,61,78,53,78,346,56,36,90,83,81,92,78,21,24,33,59,9,9,15,15,11,2105,441,5,5,High,Medium,5,Unique,Yes,92,84,80,95,30,60,Brazil,"Speedster, Dribbler, Acrobat",Ligue 1,LW,10,2022,LW,10,https://cdn.sofifa.net/players/190/871/18_120.png,https://sofifa.com/player/190871/neymar-da-silva-santos-jr/180084/
FIFA 18,L. Suárez,ST,30,92,92,FC Barcelona,2014 ~ 2021,"182cm / 6'0""",86kg / 190lbs,Right,88,CF,11-Jul-14,€97M,€500K,€198.9M,419,77,94,77,83,88,411,86,86,84,64,91,422,88,77,86,93,78,414,87,69,89,83,86,389,87,41,92,84,85,85,113,30,45,38,153,27,25,31,33,37,2321,465,4,4,High,Medium,5,Normal (170-185),Yes,82,90,79,87,42,85,Uruguay,"Dribbler, Acrobat, Clinical finisher",La Liga,LS,9,2021,LS,9,https://cdn.sofifa.net/players/176/580/18_120.png,https://sofifa.com/player/176580/luis-suarez/180084/
FIFA 18,M. Neuer,GK,31,92,92,FC Bayern München,2011 ~ 2021,"193cm / 6'4""",92kg / 203lbs,Right,90,GK,1-Jul-11,€61M,€225K,€100.7M,119,15,13,25,55,11,162,30,14,11,59,48,287,56,60,51,85,35,244,25,77,43,83,16,188,29,30,12,70,47,70,31,10,10,11,456,91,90,95,91,89,1487,514,4,1,Medium,Medium,5,Normal (185+),Yes,91,90,95,89,58,91,Germany,Unknown,Bundesliga,SUB,1,2021,GK,1,https://cdn.sofifa.net/players/167/495/18_120.png,https://sofifa.com/player/167495/manuel-neuer/180084/
FIFA 18,De Gea,GK,26,91,93,Manchester United,2011 ~ 2019,"193cm / 6'4""",76kg / 168lbs,Right,89,GK,1-Jul-11,€74.5M,€300K,€143.4M,114,17,13,21,50,13,151,18,21,19,51,42,308,57,58,60,90,43,214,31,67,40,64,12,188,38,30,12,68,40,64,47,13,21,13,443,90,85,87,88,93,1465,501,3,1,Medium,Medium,4,Lean (185+),Yes,90,85,87,93,58,88,Spain,Unknown,Premier League,GK,1,2019,GK,1,https://cdn.sofifa.net/players/193/080/18_120.png,https://sofifa.com/player/193080/david-de-gea-quintana/180084/
FIFA 18,K. De Bruyne,"CAM, CM",26,91,92,Manchester City,2015 ~ 2023,"181cm / 5'11""",68kg / 150lbs,Right,88,CAM,30-Aug-15,€104.5M,€400K,€201.2M,402,92,83,54,91,82,431,86,85,83,87,90,405,78,76,82,90,79,403,89,65,88,73,88,388,73,60,86,92,77,86,149,40,58,51,56,15,13,5,10,13,2234,467,5,4,High,High,4,Normal (170-185),Yes,77,85,90,87,52,76,Belgium,"Dribbler, Playmaker, Engine, Distance shooter, Crosser, Complete midfielder",Premier League,RCM,17,2023,RCM,7,https://cdn.sofifa.net/players/192/985/18_120.png,https://sofifa.com/player/192985/kevin-de-bruyne/180084/
FIFA 18,R. Lewandowski,ST,28,91,91,FC Bayern München,2014 ~ 2021,"185cm / 6'1""",79kg / 174lbs,Right,88,ST,1-Jul-14,€92M,€350K,€151.8M,412,62,91,85,85,89,400,85,77,84,65,89,407,79,79,78,91,80,419,88,84,79,84,84,376,80,39,91,78,88,87,86,25,42,19,51,15,6,12,8,10,2151,450,4,3,High,Medium,4,Normal (170-185),Yes,79,89,76,86,38,82,Poland,Clinical finisher,Bundesliga,ST,9,2021,LS,9,https://cdn.sofifa.net/players/188/545/18_120.png,https://sofifa.com/player/188545/robert-lewandowski/180084/
FIFA 18,E. Hazard,"LW, CF",26,91,91,Chelsea,2012 ~ 2020,"173cm / 5'8""",76kg / 168lbs,Right,89,CAM,1-Jul-12,€95.5M,€400K,€176.7M,394,81,84,60,89,80,432,94,83,79,83,93,454,93,88,93,87,93,366,79,59,81,67,80,357,54,41,87,89,86,89,74,25,27,22,45,11,12,6,8,8,2122,451,4,4,High,Medium,4,Normal (170-185),Yes,90,82,86,93,32,68,Belgium,"Speedster, Dribbler, Acrobat",Premier League,LW,10,2020,LF,10,https://cdn.sofifa.net/players/183/277/18_120.png,https://sofifa.com/player/183277/eden-hazard/180084/
FIFA 18,T. Kroos,"CM, CDM",27,90,90,Real Madrid,2014 ~ 2022,"183cm / 6'0""",76kg / 168lbs,Right,87,CM,17-Jul-14,€79M,€325K,€162M,387,85,76,54,90,82,430,79,85,84,93,89,362,65,66,71,89,71,360,87,32,77,74,90,381,60,81,79,88,73,85,218,67,82,69,51,10,11,13,7,10,2189,460,5,3,Medium,Medium,4,Normal (170-185),Yes,66,81,89,81,73,70,Germany,"Playmaker, Distance shooter",La Liga,LCM,8,2022,LDM,8,https://cdn.sofifa.net/players/182/521/18_120.png,https://sofifa.com/player/182521/toni-kroos/180084/
FIFA 18,M. Hummels,CB,28,90,90,FC Bayern München,2016 ~ 2021,"191cm / 6'3""",92kg / 203lbs,Right,87,CB,1-Jul-16,€62.5M,€225K,€103.1M,350,64,55,89,82,60,352,68,65,53,85,81,343,62,69,64,90,58,341,71,68,66,85,51,364,69,92,56,79,68,91,271,89,92,90,42,15,6,10,5,6,2063,439,3,2,High,Medium,4,Normal (185+),Yes,66,58,76,72,91,76,Germany,"Tackling, Tactician",Bundesliga,LCB,5,2021,LCB,5,https://cdn.sofifa.net/players/178/603/18_120.png,https://sofifa.com/player/178603/mats-hummels/180084/
FIFA 18,G. Higuaín,ST,29,90,90,Juventus,2016 ~ 2021,"186cm / 6'1""",89kg / 196lbs,Right,87,ST,26-Jul-16,€77M,€275K,€127.1M,408,68,91,86,75,88,364,84,74,62,59,85,390,78,80,75,88,69,406,88,79,72,85,82,306,50,20,92,74,70,86,52,12,22,18,39,5,12,7,5,10,1965,418,4,3,High,Medium,4,Normal (170-185),Yes,79,87,70,83,25,74,Argentina,Clinical finisher,Serie A,ST,9,2021,ST,9,https://cdn.sofifa.net/players/167/664/18_120.png,https://sofifa.com/player/167664/gonzalo-higuain/180084/
FIFA 18,Sergio Ramos,CB,31,90,90,Real Madrid,2005 ~ 2020,"184cm / 6'0""",82kg / 181lbs,Right,87,CB,1-Aug-05,€52M,€300K,€106.6M,361,66,60,91,78,66,357,61,73,67,72,84,376,75,77,79,85,60,392,79,93,84,81,55,357,84,90,52,63,68,80,265,84,90,91,46,11,8,9,7,11,2154,452,3,3,High,Medium,4,Normal (170-185),Yes,76,63,71,71,88,83,Spain,"Aerial threat, Tackling, Tactician, Complete defender",La Liga,LCB,4,2020,LCB,15,https://cdn.sofifa.net/players/155/862/18_120.png,https://sofifa.com/player/155862/sergio-ramos-garcia/180084/
FIFA 18,P. Dybala,"CAM, ST",23,89,94,Juventus,2015 ~ 2022,"177cm / 5'10""",75kg / 165lbs,Left,87,CAM,1-Jul-15,€89M,€200K,€153.5M,409,82,84,68,87,88,436,92,88,88,75,93,432,88,84,91,84,85,393,82,75,83,65,88,336,48,32,84,86,86,84,54,14,20,20,26,5,4,4,5,8,2086,438,3,4,High,Medium,3,Normal (170-185),Yes,86,85,84,91,25,67,Argentina,"Dribbler, Playmaker, FK Specialist, Acrobat, Complete midfielder",Serie A,RW,10,2022,Unknown,Unknown,https://cdn.sofifa.net/players/211/110/18_120.png,https://sofifa.com/player/211110/paulo-dybala/180084/
FIFA 18,J. Oblak,GK,24,89,93,Atlético Madrid,2014 ~ 2021,"189cm / 6'2""",84kg / 185lbs,Right,87,GK,17-Jul-14,€62M,€80K,€131.8M,81,13,11,15,29,13,81,12,13,14,26,16,304,43,60,67,85,49,229,22,76,41,78,12,130,34,19,11,55,11,55,44,14,12,18,428,85,91,77,87,88,1297,480,3,1,Medium,Medium,3,Normal (185+),No,85,91,77,88,52,87,Slovenia,Unknown,La Liga,GK,13,2021,SUB,1,https://cdn.sofifa.net/players/200/389/18_120.png,https://sofifa.com/player/200389/jan-oblak/180084/
FIFA 18,T. Courtois,GK,25,89,92,Chelsea,2011 ~ 2019,"199cm / 6'6""",94kg / 207lbs,Left,86,GK,26-Jul-11,€59M,€190K,€113.6M,86,14,14,13,33,12,110,13,19,20,35,23,284,46,52,61,80,45,229,36,68,38,70,17,122,23,15,13,44,27,52,45,11,18,16,422,86,90,72,86,88,1298,471,3,1,Medium,Medium,4,Unique,Yes,86,90,72,88,49,86,Belgium,Unknown,Premier League,GK,13,2019,GK,1,https://cdn.sofifa.net/players/192/119/18_120.png,https://sofifa.com/player/192119/thibaut-courtois/180084/
FIFA 18,L. Modrić,"CM, CDM",31,89,89,Real Madrid,2012 ~ 2020,"172cm / 5'8""",66kg / 146lbs,Right,86,CM,1-Aug-12,€57M,€325K,€116.9M,370,78,71,55,92,74,418,86,79,77,84,92,421,75,71,93,88,94,362,73,67,82,58,82,389,62,78,79,90,80,84,219,66,80,73,52,13,9,7,14,9,2231,460,4,4,High,Medium,4,Lean (170-185),Yes,73,75,86,89,72,65,Croatia,"Dribbler, Playmaker, Acrobat",La Liga,RCM,10,2020,Unknown,Unknown,https://cdn.sofifa.net/players/177/003/18_120.png,https://sofifa.com/player/177003/luka-modric/180084/
FIFA 18,David Silva,"CAM, CM",31,89,89,Manchester City,2010 ~ 2020,"173cm / 5'8""",67kg / 148lbs,Left,86,CAM,14-Jul-10,€58.5M,€275K,€108.2M,382,83,73,54,92,80,417,87,82,76,81,91,403,72,65,92,85,89,347,71,66,81,56,73,353,55,46,86,93,73,92,106,27,50,29,5,1,1,1,1,1,2013,422,2,4,High,Medium,4,Normal (170-185),Yes,68,74,87,89,41,63,Spain,"Dribbler, Playmaker, Acrobat",Premier League,LCM,21,2020,Unknown,Unknown,https://cdn.sofifa.net/players/168/542/18_120.png,https://sofifa.com/player/168542/david-josue-jimenez-silva/180084/
FIFA 18,S. Agüero,ST,29,89,89,Manchester City,2011 ~ 2020,"173cm / 5'8""",70kg / 154lbs,Right,87,CF,28-Jul-11,€66.5M,€325K,€123M,401,70,91,74,81,85,395,89,82,72,63,89,439,90,83,86,89,91,404,88,80,77,76,83,344,63,24,91,83,83,90,45,13,20,12,59,13,15,6,11,14,2087,436,4,4,High,Medium,4,Stocky (170-185),Yes,86,88,76,89,23,74,Argentina,"Dribbler, Acrobat, Clinical finisher",Premier League,ST,10,2020,Unknown,Unknown,https://cdn.sofifa.net/players/153/079/18_120.png,https://sofifa.com/player/153079/sergio-aguero/180084/
FIFA 18,G. Chiellini,CB,32,89,89,Juventus,2005 ~ 2020,"187cm / 6'2""",85kg / 187lbs,Left,86,CB,1-Jul-05,€38M,€225K,€62.7M,279,58,33,84,59,45,265,58,60,31,59,57,351,68,78,59,82,64,375,78,89,68,91,49,308,92,88,28,50,50,82,274,92,92,90,15,3,3,2,4,3,1867,410,2,2,Medium,High,4,Normal (185+),Yes,74,46,56,59,90,85,Italy,"Tackling, Tactician, Strength, Complete defender",Serie A,SUB,3,2020,LCB,3,https://cdn.sofifa.net/players/138/956/18_120.png,https://sofifa.com/player/138956/giorgio-chiellini/180084/
FIFA 18,G. Buffon,GK,39,89,89,Juventus,2001 ~ 2018,"192cm / 6'4""",92kg / 203lbs,Right,86,GK,1-Jul-01,€4.5M,€110K,€7.4M,95,13,15,13,37,17,122,26,20,13,35,28,276,49,43,55,80,49,235,39,75,39,69,13,150,38,28,12,50,22,70,32,10,11,11,425,89,88,74,90,84,1335,471,2,1,Medium,Medium,4,Lean (185+),Yes,89,88,74,84,46,90,Italy,Unknown,Serie A,GK,1,2018,Unknown,Unknown,https://cdn.sofifa.net/players/001/179/18_120.png,https://sofifa.com/player/1179/gianluigi-buffon/180084/
FIFA 18,N. Kanté,"CDM, CM",26,88,90,Chelsea,2016 ~ 2021,"168cm / 5'6""",68kg / 150lbs,Right,85,CDM,16-Jul-16,€59.5M,€250K,€114.5M,328,68,65,54,85,56,337,79,49,49,81,79,422,82,80,83,87,90,391,71,79,95,77,69,385,90,91,71,79,54,85,249,75,89,85,54,15,12,10,7,10,2166,468,3,3,Medium,High,3,Normal (170-),Yes,81,66,76,80,81,84,France,"Tackling, Tactician",Premier League,LCM,7,2021,LDM,13,https://cdn.sofifa.net/players/215/914/18_120.png,https://sofifa.com/player/215914/ngolo-kante/180084/
FIFA 18,H. Kane,ST,23,88,91,Tottenham Hotspur,2010 ~ 2024,"188cm / 6'2""",86kg / 190lbs,Right,86,ST,1-Jul-10,€76.5M,€200K,€147.3M,406,75,92,83,79,77,387,80,75,68,80,84,372,72,75,73,90,62,417,87,70,88,87,85,369,76,35,92,80,86,89,115,41,36,38,54,8,10,11,14,11,2120,447,4,3,High,High,3,Normal (185+),Yes,74,89,78,80,42,84,England,"Engine, Strength, Clinical finisher",Premier League,ST,10,2024,RS,9,https://cdn.sofifa.net/players/202/126/18_120.png,https://sofifa.com/player/202126/harry-kane/180084/
FIFA 18,P. Pogba,"CM, CDM",24,88,92,Manchester United,2016 ~ 2021,"191cm / 6'3""",84kg / 185lbs,Right,85,CM,9-Aug-16,€76M,€250K,€146.3M,400,80,73,75,87,85,430,87,84,82,88,89,376,75,78,76,84,63,439,90,85,91,91,82,395,78,70,83,88,76,87,202,64,70,68,20,5,6,2,4,3,2262,484,4,5,High,Low,4,Lean (185+),Yes,77,79,86,85,69,88,France,"Dribbler, Playmaker, Strength",Premier League,LCM,6,2021,RDM,6,https://cdn.sofifa.net/players/195/864/18_120.png,https://sofifa.com/player/195864/paul-pogba/180084/
FIFA 18,A. Griezmann,"ST, RW, LW",26,88,89,Atlético Madrid,2014 ~ 2023,"175cm / 5'9""",71kg / 157lbs,Left,86,ST,29-Jul-14,€71M,€150K,€150.9M,424,82,88,86,81,87,407,87,84,75,75,86,433,87,86,90,90,80,392,81,87,78,64,82,344,69,35,91,77,72,86,90,32,30,28,63,14,8,14,13,14,2153,444,3,4,High,High,4,Lean (170-185),Yes,86,85,79,87,37,70,France,"Dribbler, Acrobat, Clinical finisher",La Liga,RS,7,2023,CAM,7,https://cdn.sofifa.net/players/194/765/18_120.png,https://sofifa.com/player/194765/antoine-griezmann/180084/
FIFA 18,C. Eriksen,"CAM, RM, CM",25,88,91,Tottenham Hotspur,2013 ~ 2020,"182cm / 6'0""",76kg / 168lbs,Right,86,CAM,30-Aug-13,€74.5M,€200K,€143.4M,384,87,81,52,90,74,431,84,86,86,86,89,399,77,74,80,86,82,374,84,55,91,57,87,342,46,56,83,90,67,87,118,39,57,22,43,9,14,7,7,6,2091,440,5,4,High,Medium,3,Lean (170-185),Yes,75,82,88,85,47,63,Denmark,"Playmaker, Crosser, FK Specialist, Complete midfielder",Premier League,RM,23,2020,CAM,10,https://cdn.sofifa.net/players/190/460/18_120.png,https://sofifa.com/player/190460/christian-eriksen/180084/
FIFA 18,Thiago,"CM, CAM, CDM",26,88,89,FC Bayern München,2013 ~ 2021,"174cm / 5'9""",70kg / 154lbs,Right,86,CM,14-Jul-13,€68.5M,€225K,€118.2M,380,72,69,58,91,90,434,90,85,77,90,92,406,78,68,90,84,86,366,75,75,75,59,82,379,57,78,83,86,75,83,178,49,64,65,46,6,11,7,9,13,2189,448,3,5,Medium,Medium,3,Normal (170-185),Yes,73,75,85,90,62,63,Spain,"Dribbler, Playmaker, Acrobat",Bundesliga,SUB,6,2021,CAM,10,https://cdn.sofifa.net/players/189/509/18_120.png,https://sofifa.com/player/189509/thiago-alcantara/180084/
FIFA 18,A. Sánchez,"LW, ST, LM",28,88,88,Manchester United,2018 ~ 2022,"169cm / 5'7""",62kg / 137lbs,Right,85,LW,22-Jan-18,€60M,€325K,€111M,397,81,84,70,79,83,407,90,79,78,73,87,438,88,84,92,87,87,409,84,85,86,72,82,374,80,50,85,82,77,86,109,30,44,35,60,10,10,15,12,13,2194,458,3,4,High,Medium,4,Normal (170-),Yes,86,83,79,89,43,78,Chile,"Dribbler, Acrobat",Premier League,LW,7,2022,RW,7,https://cdn.sofifa.net/players/184/941/18_120.png,https://sofifa.com/player/184941/alexis-sanchez/180084/
FIFA 18,D. Godín,CB,31,88,88,Atlético Madrid,2010 ~ 2019,"187cm / 6'2""",79kg / 174lbs,Right,86,CB,1-Aug-10,€40M,€120K,€82M,315,55,42,92,79,47,299,53,49,51,70,76,340,64,70,63,85,58,346,67,89,67,80,43,326,88,88,48,52,50,82,262,87,86,89,49,6,8,15,5,15,1937,410,3,2,Medium,High,3,Lean (185+),Yes,67,48,65,63,88,79,Uruguay,"Aerial threat, Tackling, Tactician, Complete defender",La Liga,LCB,2,2019,RCB,3,https://cdn.sofifa.net/players/182/493/18_120.png,https://sofifa.com/player/182493/diego-godin/180084/
FIFA 18,E. Cavani,ST,30,88,88,Paris Saint-Germain,2013 ~ 2020,"185cm / 6'1""",77kg / 170lbs,Right,85,ST,16-Jul-13,€57M,€200K,€105.5M,407,70,85,89,78,85,365,80,77,76,50,82,384,75,78,81,91,59,420,86,88,92,75,79,386,84,48,93,77,84,84,96,24,45,27,53,12,5,13,13,10,2111,437,3,3,High,High,4,Lean (185+),Yes,77,84,72,80,42,82,Uruguay,Engine,Ligue 1,ST,9,2020,RS,21,https://cdn.sofifa.net/players/179/813/18_120.png,https://sofifa.com/player/179813/edinson-cavani/180084/
FIFA 18,G. Bale,"RW, ST, LW",27,88,88,Real Madrid,2013 ~ 2022,"185cm / 6'1""",81kg / 179lbs,Left,87,ST,2-Sep-13,€62M,€375K,€127.1M,424,86,87,86,85,80,423,87,86,85,80,85,416,93,95,78,85,65,422,91,85,76,80,90,365,65,59,86,79,76,85,158,51,55,52,52,15,15,11,5,6,2260,481,3,4,High,Medium,4,Lean (170-185),Yes,94,87,83,84,57,76,Wales,"Speedster, Distance shooter, Crosser, Clinical finisher",La Liga,RW,11,2022,LF,11,https://cdn.sofifa.net/players/173/731/18_120.png,https://sofifa.com/player/173731/gareth-bale/180084/
FIFA 18,H. Lloris,GK,30,88,88,Tottenham Hotspur,2012 ~ 2022,"188cm / 6'2""",82kg / 181lbs,Left,85,GK,1-Aug-12,€38M,€160K,€70.3M,94,13,10,10,50,11,115,10,11,10,50,34,320,65,62,55,84,54,195,23,74,41,43,14,138,31,27,10,30,40,61,40,12,10,18,413,88,84,68,83,90,1315,476,1,1,Medium,Medium,4,Lean (185+),Yes,88,84,68,90,63,83,France,Unknown,Premier League,GK,1,2022,GK,1,https://cdn.sofifa.net/players/167/948/18_120.png,https://sofifa.com/player/167948/hugo-lloris/180084/
FIFA 18,S. Handanovič,GK,32,88,88,Inter,2012 ~ 2021,"193cm / 6'4""",92kg / 203lbs,Right,86,GK,1-Jul-12,€34M,€120K,€57.8M,80,12,10,10,36,12,88,12,12,14,34,16,272,51,55,47,83,36,231,22,78,41,71,19,123,25,22,12,41,23,62,40,17,10,13,420,87,86,69,89,89,1254,473,2,1,Medium,Medium,3,Normal (185+),Yes,87,86,69,89,53,89,Slovenia,Unknown,Serie A,GK,1,2021,Unknown,Unknown,https://cdn.sofifa.net/players/162/835/18_120.png,https://sofifa.com/player/162835/samir-handanovic/180084/
FIFA 18,M. Salah,RW,25,87,90,Liverpool,2017 ~ 2023,"175cm / 5'9""",71kg / 157lbs,Left,87,CF,1-Jul-17,€63M,€200K,€124.4M,379,77,88,59,82,73,385,88,82,60,67,88,450,94,93,87,88,88,389,77,70,85,76,81,350,63,55,89,82,61,89,121,37,43,41,62,14,14,9,11,14,2136,461,3,4,High,Medium,3,Normal (170-185),Yes,93,82,78,88,45,75,Egypt,"Speedster, Dribbler, Acrobat, Clinical finisher, Complete forward",Premier League,RW,11,2023,RM,10,https://cdn.sofifa.net/players/209/331/18_120.png,https://sofifa.com/player/209331/mohamed-salah/180084/
FIFA 18,M. Icardi,ST,24,87,91,Inter,2013 ~ 2021,"181cm / 5'11""",75kg / 165lbs,Right,85,ST,9-Jul-13,€66.5M,€120K,€118M,385,46,91,90,73,85,313,76,58,45,54,80,398,78,80,76,88,76,397,84,92,74,77,70,318,56,22,92,66,82,85,62,18,24,20,43,13,9,5,7,9,1916,404,4,3,Medium,Low,3,Normal (170-185),Yes,79,85,61,78,28,73,Argentina,"Poacher, Aerial threat",Serie A,ST,9,2021,Unknown,Unknown,https://cdn.sofifa.net/players/201/399/18_120.png,https://sofifa.com/player/201399/mauro-icardi/180084/
FIFA 18,M. Verratti,"CM, CDM",24,87,90,Paris Saint-Germain,2012 ~ 2021,"165cm / 5'5""",60kg / 132lbs,Right,85,CM,18-Jul-12,€63M,€130K,€121.3M,341,72,60,55,90,64,404,90,73,64,89,88,399,69,62,87,87,94,311,56,64,77,56,58,398,89,86,71,88,64,91,239,76,84,79,64,12,12,15,15,10,2156,445,4,3,Medium,High,3,Normal (170-),Yes,65,60,84,89,79,68,Italy,"Dribbler, Playmaker, Tactician, Acrobat",Ligue 1,RCM,6,2021,SUB,15,https://cdn.sofifa.net/players/199/556/18_120.png,https://sofifa.com/player/199556/marco-verratti/180084/
FIFA 18,J. Rodríguez,"CAM, CM, RM",25,87,90,FC Bayern München,"Jun 30, 2019 On loan","180cm / 5'11""",75kg / 165lbs,Left,84,CAM,22-Jul-14,€63M,€170K,€ 0,409,88,83,62,86,90,426,84,87,86,82,87,388,75,70,83,85,75,369,86,54,68,70,91,368,64,55,80,88,81,87,112,27,41,44,64,15,15,15,5,14,2136,437,3,4,Medium,Medium,4,Normal (170-185),Yes,72,85,86,84,42,68,Colombia,"Playmaker, Distance shooter, Crosser, FK Specialist, Complete midfielder",Bundesliga,LCM,11,30-Jun-19,LAM,10,https://cdn.sofifa.net/players/198/710/18_120.png,https://sofifa.com/player/198710/james-rodriguez/180084/
FIFA 18,L. Insigne,LW,26,87,88,Napoli,2010 ~ 2022,"163cm / 5'4""",59kg / 130lbs,Right,87,CAM,1-Jul-10,€59M,€130K,€104.7M,375,85,75,56,85,74,424,90,87,77,78,92,452,94,86,96,83,93,333,75,53,77,44,84,291,34,26,83,87,61,83,62,16,24,22,45,8,4,14,9,10,1982,417,3,4,High,Medium,3,Normal (170-),Yes,90,76,84,91,25,51,Italy,"Speedster, Dribbler, Acrobat",Serie A,LW,24,2022,SUB,10,https://cdn.sofifa.net/players/198/219/18_120.png,https://sofifa.com/player/198219/lorenzo-insigne/180084/
FIFA 18,M. ter Stegen,GK,25,87,90,FC Barcelona,2014 ~ 2022,"187cm / 6'2""",85kg / 187lbs,Right,86,GK,1-Jul-14,€44.5M,€180K,€94.6M,84,15,14,11,30,14,103,17,18,12,38,18,252,38,50,37,84,43,225,22,79,35,79,10,158,43,22,11,57,25,62,33,10,13,10,430,86,84,87,84,89,1285,475,4,1,Medium,Medium,3,Normal (185+),Yes,86,84,87,89,45,84,Germany,Unknown,La Liga,GK,1,2022,SUB,22,https://cdn.sofifa.net/players/192/448/18_120.png,https://sofifa.com/player/192448/marc-andre-ter-stegen/180084/
FIFA 18,Sergio Busquets,"CDM, CM",28,87,87,FC Barcelona,2008 ~ 2021,"189cm / 6'2""",76kg / 168lbs,Right,84,CDM,1-Sep-08,€41M,€250K,€84.1M,329,62,67,68,88,44,376,78,66,68,79,85,307,50,52,65,85,55,347,61,66,88,78,54,393,85,87,77,84,60,88,245,79,86,80,48,5,8,13,9,13,2045,433,3,3,Medium,Medium,4,Lean (185+),Yes,51,62,79,78,82,81,Spain,Tactician,La Liga,LCM,5,2021,LCM,5,https://cdn.sofifa.net/players/189/511/18_120.png,https://sofifa.com/player/189511/sergio-busquets-burgos/180084/
FIFA 18,Jordi Alba,LB,28,87,87,FC Barcelona,2012 ~ 2020,"170cm / 5'7""",68kg / 150lbs,Left,85,LWB,1-Jul-12,€40M,€250K,€82M,370,85,73,69,83,60,378,80,77,64,74,83,444,93,93,90,82,86,361,64,81,90,60,66,367,75,85,78,70,59,76,251,83,84,84,60,13,15,13,6,13,2231,476,3,3,High,Medium,3,Normal (170-),Yes,93,69,78,82,82,72,Spain,"Speedster, Acrobat",La Liga,LB,18,2020,LB,18,https://cdn.sofifa.net/players/189/332/18_120.png,https://sofifa.com/player/189332/jordi-alba-ramos/180084/
FIFA 18,Coutinho,"LW, LM, RM, CM",25,87,90,FC Barcelona,2018 ~ 2023,"172cm / 5'8""",68kg / 150lbs,Right,86,CAM,6-Jan-18,€63M,€275K,€133.9M,364,79,76,48,86,75,426,89,84,84,81,88,432,88,77,92,83,92,370,83,59,80,61,87,326,55,30,84,87,70,85,108,24,44,40,48,12,7,9,14,6,2074,434,4,4,High,High,3,Lean (170-185),Yes,82,80,84,89,35,64,Brazil,"Dribbler, Playmaker, Acrobat",La Liga,LM,14,2023,RW,11,https://cdn.sofifa.net/players/189/242/18_120.png,https://sofifa.com/player/189242/philippe-coutinho-correia/180084/
FIFA 18,P. Aubameyang,ST,28,87,87,Arsenal,2018 ~ 2021,"187cm / 6'2""",80kg / 176lbs,Right,84,ST,31-Jan-18,€52M,€225K,€98.8M,406,77,87,79,77,86,377,79,78,74,64,82,422,94,95,77,86,70,390,81,77,78,76,78,333,43,48,89,77,76,84,89,28,25,36,48,6,9,15,9,9,2065,441,4,3,Medium,Low,3,Lean (185+),Yes,95,84,75,80,37,70,Gabon,"Poacher, Speedster",Premier League,ST,14,2021,Unknown,Unknown,https://cdn.sofifa.net/players/188/567/18_120.png,https://sofifa.com/player/188567/pierre-emerick-aubameyang/180084/
FIFA 18,J. Boateng,CB,28,87,87,FC Bayern München,2011 ~ 2021,"192cm / 6'4""",90kg / 198lbs,Right,84,CB,14-Jul-11,€41M,€170K,€67.7M,316,69,34,85,75,53,304,67,56,31,80,70,343,71,79,58,82,53,377,79,75,74,91,58,332,82,81,47,76,46,86,264,86,90,88,45,7,12,15,6,5,1981,434,4,2,Medium,Medium,4,Stocky (185+),Yes,75,50,72,67,86,84,Germany,"Tackling, Strength",Bundesliga,RCB,17,2021,RCB,17,https://cdn.sofifa.net/players/183/907/18_120.png,https://sofifa.com/player/183907/jerome-boateng/180084/
FIFA 18,Marcelo,LB,29,87,87,Real Madrid,2007 ~ 2022,"174cm / 5'9""",80kg / 176lbs,Left,84,LWB,1-Jan-07,€38M,€250K,€77.9M,366,90,67,73,82,54,397,86,80,67,76,88,404,79,79,77,87,82,384,83,77,81,77,66,377,84,84,75,75,59,85,250,78,85,87,36,12,5,5,5,9,2214,475,4,4,High,Medium,4,Normal (170-185),Yes,79,69,80,86,82,79,Brazil,"Dribbler, Crosser",La Liga,LB,12,2022,LB,16,https://cdn.sofifa.net/players/176/676/18_120.png,https://sofifa.com/player/176676/marcelo-vieira-da-silva/180084/
FIFA 18,M. Özil,"CAM, RW",28,87,87,Arsenal,2013 ~ 2021,"180cm / 5'11""",76kg / 168lbs,Left,84,CAM,2-Sep-13,€51M,€200K,€96.9M,375,82,73,54,89,77,419,85,84,78,83,89,382,75,69,83,85,70,325,70,52,71,57,75,312,48,24,82,91,67,78,57,22,16,19,50,6,14,10,6,14,1920,398,2,4,Medium,Low,4,Lean (170-185),Yes,72,73,86,85,24,58,Germany,Playmaker,Premier League,RW,11,2021,Unknown,Unknown,https://cdn.sofifa.net/players/176/635/18_120.png,https://sofifa.com/player/176635/mesut-ozil/180084/
FIFA 18,D. Mertens,"CF, ST",30,87,87,Napoli,2013 ~ 2020,"169cm / 5'7""",61kg / 134lbs,Right,87,CAM,1-Jul-13,€48.5M,€130K,€82.5M,349,77,85,35,82,70,415,91,82,79,74,89,454,93,87,94,88,92,340,80,60,77,42,81,343,59,36,86,83,79,81,110,30,40,40,39,7,10,8,10,4,2050,434,4,4,High,Low,3,Normal (170-),Yes,90,82,80,91,36,55,Belgium,"Speedster, Dribbler, Acrobat",Serie A,ST,14,2020,RF,14,https://cdn.sofifa.net/players/175/943/18_120.png,https://sofifa.com/player/175943/dries-mertens/180084/
FIFA 18,M. Hamšík,CM,29,87,87,Napoli,2007 ~ 2020,"183cm / 6'0""",79kg / 174lbs,Right,85,CM,1-Jul-07,€48.5M,€130K,€82.5M,397,78,78,74,88,79,407,86,80,72,82,87,377,72,75,76,88,66,390,82,71,85,69,83,372,56,72,88,86,70,84,195,60,73,62,46,8,6,4,14,14,2184,461,5,3,High,Medium,3,Normal (170-185),Yes,74,80,84,84,68,71,Slovakia,Playmaker,Serie A,LCM,17,2020,Unknown,Unknown,https://cdn.sofifa.net/players/171/877/18_120.png,https://sofifa.com/player/171877/marek-hamsik/180084/
FIFA 18,Thiago Silva,CB,32,87,87,Paris Saint-Germain,2012 ~ 2020,"183cm / 6'0""",82kg / 181lbs,Right,84,CB,1-Jul-12,€29M,€130K,€53.7M,320,60,38,80,79,63,354,66,61,67,81,79,368,70,73,74,83,68,393,74,93,74,81,71,366,77,89,59,72,69,81,262,89,87,86,45,9,12,5,9,10,2108,439,3,3,High,High,4,Normal (170-185),Yes,72,56,73,72,87,79,Brazil,"Tackling, Tactician",Ligue 1,LCB,2,2020,SUB,14,https://cdn.sofifa.net/players/164/240/18_120.png,https://sofifa.com/player/164240/thiago-emiliano-da-silva/180084/
FIFA 18,Piqué,CB,30,87,87,FC Barcelona,2008 ~ 2022,"194cm / 6'4""",85kg / 187lbs,Right,84,CB,1-Jul-08,€37.5M,€225K,€76.9M,342,57,64,83,81,57,318,59,58,43,80,78,312,55,73,58,84,42,336,62,74,66,83,51,349,72,88,58,62,69,86,259,86,87,86,58,10,11,14,15,8,1974,422,3,2,High,Medium,4,Normal (185+),Yes,65,61,69,65,86,76,Spain,"Aerial threat, Tackling, Tactician, Complete defender",La Liga,RCB,3,2022,Unknown,Unknown,https://cdn.sofifa.net/players/152/729/18_120.png,https://sofifa.com/player/152729/gerard-pique-bernabeu/180084/
FIFA 18,A. Robben,"RM, RW",33,87,87,FC Bayern München,2009 ~ 2019,"180cm / 5'11""",80kg / 176lbs,Left,86,CAM,28-Aug-09,€30.5M,€170K,€50.3M,386,80,85,51,84,86,418,91,87,81,71,88,434,87,80,89,87,91,371,87,61,68,67,88,332,47,39,85,83,78,86,81,29,26,26,49,10,8,11,5,15,2071,435,2,4,High,Low,4,Normal (170-185),Yes,83,86,81,90,32,63,Netherlands,"Dribbler, Distance shooter, Acrobat",Bundesliga,RM,10,2019,Unknown,Unknown,https://cdn.sofifa.net/players/009/014/18_120.png,https://sofifa.com/player/9014/arjen-robben/180084/
FIFA 18,Iniesta,"CM, LM",33,87,87,Vissel Kobe,2018 ~ 2021,"171cm / 5'7""",68kg / 150lbs,Right,87,CAM,16-Jul-18,€29.5M,€20K,€36.9M,367,77,70,54,92,74,420,90,80,70,86,94,389,70,68,79,88,84,296,65,47,55,58,71,373,58,66,84,94,71,89,170,57,57,56,45,6,13,6,13,7,2060,431,4,4,High,Medium,4,Normal (170-),Yes,69,70,87,90,58,57,Spain,"Dribbler, Playmaker",J1 League,SUB,8,2021,Unknown,Unknown,https://cdn.sofifa.net/players/000/041/18_120.png,https://sofifa.com/player/41/andres-iniesta-lujan/180084/
FIFA 18,Casemiro,CDM,25,86,89,Real Madrid,2013 ~ 2021,"185cm / 6'1""",84kg / 185lbs,Right,85,CDM,11-Jul-13,€47M,€225K,€99.9M,324,52,59,76,84,53,362,69,59,74,82,78,335,63,65,66,84,57,425,86,86,87,87,79,385,87,86,69,77,66,84,261,86,89,86,67,13,14,16,12,12,2159,452,3,2,Medium,High,3,Normal (185+),Yes,64,69,74,72,86,87,Brazil,"Tackling, Tactician, Strength, Complete defender",La Liga,CDM,14,2021,CDM,5,https://cdn.sofifa.net/players/200/145/18_120.png,https://sofifa.com/player/200145/carlos-henrique-venancio-casimiro/180084/
FIFA 18,Isco,"CM, CAM",25,86,89,Real Madrid,2013 ~ 2022,"176cm / 5'9""",79kg / 174lbs,Right,87,CAM,3-Jul-13,€55M,€250K,€116.9M,366,73,85,55,88,65,429,91,86,74,84,94,409,78,75,87,79,90,354,73,64,71,59,87,370,58,66,83,87,76,86,140,25,64,51,51,10,8,12,15,6,2119,444,3,4,High,Medium,3,Normal (170-185),Yes,76,81,83,91,51,62,Spain,"Dribbler, Playmaker",La Liga,SUB,22,2022,LW,22,https://cdn.sofifa.net/players/197/781/18_120.png,https://sofifa.com/player/197781/francisco-roman-alarcon-suarez/180084/
FIFA 18,R. Lukaku,ST,24,86,90,Manchester United,2017 ~ 2022,"190cm / 6'3""",94kg / 207lbs,Left,84,ST,10-Jul-17,€59M,€200K,€113.6M,402,75,88,87,74,78,365,79,74,66,73,73,361,78,89,62,85,47,409,88,72,80,93,76,340,72,27,87,74,80,82,87,27,30,30,54,8,15,14,7,10,2018,436,4,3,Medium,Medium,3,Stocky (185+),Yes,84,85,74,74,34,85,Belgium,"Poacher, Strength",Premier League,ST,9,2022,ST,9,https://cdn.sofifa.net/players/192/505/18_120.png,https://sofifa.com/player/192505/romelu-lukaku/180084/
FIFA 18,C. Immobile,ST,27,86,86,Lazio,2016 ~ 2021,"185cm / 6'1""",85kg / 187lbs,Right,85,ST,27-Jul-16,€47.5M,€110K,€80.8M,387,55,90,81,74,87,336,83,70,51,49,83,393,81,85,77,87,63,393,86,77,77,77,76,351,77,40,91,65,78,81,96,31,33,32,47,6,8,15,12,6,2003,430,4,3,High,Medium,3,Normal (185+),Yes,83,86,63,82,39,77,Italy,Unknown,Serie A,ST,17,2021,RS,11,https://cdn.sofifa.net/players/192/387/18_120.png,https://sofifa.com/player/192387/ciro-immobile/180084/
FIFA 18,Alex Sandro,"LB, LM",26,86,87,Juventus,2015 ~ 2020,"180cm / 5'11""",80kg / 176lbs,Left,84,LWB,21-Aug-15,€42.5M,€170K,€73.3M,366,86,55,76,81,68,371,82,78,59,71,81,416,84,88,79,86,79,404,80,79,93,80,72,364,82,82,70,70,60,82,246,78,84,84,40,7,7,9,12,5,2207,474,3,3,High,High,3,Normal (170-185),Yes,86,65,77,81,81,84,Brazil,Engine,Serie A,LB,12,2020,Unknown,Unknown,https://cdn.sofifa.net/players/191/043/18_120.png,https://sofifa.com/player/191043/alex-sandro-lobo-silva/180084/
FIFA 18,T. Müller,"CF, RW, CAM, ST",27,86,86,FC Bayern München,2008 ~ 2021,"186cm / 6'1""",75kg / 165lbs,Right,83,CF,10-Aug-08,€47.5M,€190K,€78.4M,413,79,87,82,81,84,364,75,81,59,68,81,392,76,77,76,91,72,392,77,81,90,67,77,352,57,58,93,84,60,83,116,31,41,44,52,6,7,11,14,14,2081,432,4,3,High,High,4,Lean (185+),Yes,77,82,78,78,46,71,Germany,Engine,Bundesliga,RCM,25,2021,RM,13,https://cdn.sofifa.net/players/189/596/18_120.png,https://sofifa.com/player/189596/thomas-muller/180084/
FIFA 18,Azpilicueta,CB,27,86,88,Chelsea,2012 ~ 2020,"178cm / 5'10""",78kg / 172lbs,Right,84,RB,24-Aug-12,€43.5M,€190K,€83.7M,334,80,46,76,81,51,354,69,68,58,80,79,391,77,79,75,87,73,366,68,76,88,74,60,369,82,85,62,74,66,78,265,89,89,87,43,13,9,10,6,5,2122,450,3,3,Medium,Medium,3,Normal (170-185),Yes,78,55,77,74,87,79,Spain,Tackling,Premier League,RCB,28,2020,RCB,3,https://cdn.sofifa.net/players/184/432/18_120.png,https://sofifa.com/player/184432/cesar-azpilicueta-tanco/180084/
FIFA 18,L. Bonucci,CB,30,86,86,AC Milan,2017 ~ 2022,"190cm / 6'3""",85kg / 187lbs,Right,84,CB,14-Jul-17,€33M,€160K,€56.1M,311,44,44,86,79,58,346,69,56,61,85,75,330,62,72,60,84,52,382,74,85,73,85,65,354,82,90,38,74,70,86,252,80,88,84,13,2,2,3,2,4,1988,430,3,2,Low,High,3,Lean (185+),Yes,68,56,70,70,85,81,Italy,Tactician,Serie A,RCB,19,2022,CB,19,https://cdn.sofifa.net/players/184/344/18_120.png,https://sofifa.com/player/184344/leonardo-bonucci/180084/
FIFA 18,A. Vidal,"CDM, CM",30,86,86,FC Bayern München,2015 ~ 2019,"180cm / 5'11""",75kg / 165lbs,Right,84,CDM,28-Jul-15,€33M,€160K,€54.5M,397,76,77,82,84,78,384,76,76,68,81,83,364,65,60,75,87,77,421,86,85,88,77,85,420,93,85,81,80,81,86,251,76,89,86,16,4,2,4,2,4,2253,468,4,3,High,High,4,Normal (170-185),Yes,62,81,80,79,83,83,Chile,"Engine, Tackling",Bundesliga,SUB,23,2019,CM,8,https://cdn.sofifa.net/players/181/872/18_120.png,https://sofifa.com/player/181872/arturo-vidal/180084/
FIFA 18,M. Pjanić,"CM, CDM",27,86,86,Juventus,2016 ~ 2023,"178cm / 5'10""",72kg / 159lbs,Right,84,CM,1-Jul-16,€45.5M,€190K,€75.1M,361,80,60,60,89,72,437,86,86,91,85,89,390,74,74,79,84,79,367,78,61,78,68,82,383,68,78,70,88,79,84,210,66,74,70,42,7,7,13,7,8,2190,457,4,4,Medium,Medium,3,Normal (170-185),Yes,74,70,86,86,71,70,Bosnia and Herzegovina,"Dribbler, Playmaker, FK Specialist, Complete midfielder",Serie A,CDM,5,2023,Unknown,Unknown,https://cdn.sofifa.net/players/180/206/18_120.png,https://sofifa.com/player/180206/miralem-pjanic/180084/
FIFA 18,R. Nainggolan,"CM, CAM",29,86,86,Roma,2014 ~ 2021,"176cm / 5'9""",77kg / 170lbs,Right,84,CDM,7-Jan-14,€42.5M,€130K,€72.3M,367,73,76,59,84,75,387,80,73,68,81,85,408,80,76,81,87,84,416,84,76,94,76,86,401,88,86,88,76,63,84,252,78,86,88,55,11,11,14,8,11,2286,482,3,3,High,High,3,Stocky (170-185),Yes,78,80,78,82,81,83,Belgium,"Engine, Tackling, Tactician",Serie A,RCM,4,2021,Unknown,Unknown,https://cdn.sofifa.net/players/178/518/18_120.png,https://sofifa.com/player/178518/radja-nainggolan/180084/
FIFA 18,J. Vertonghen,CB,30,86,86,Tottenham Hotspur,2012 ~ 2019,"189cm / 6'2""",88kg / 194lbs,Left,84,CB,1-Jul-12,€33M,€150K,€61.1M,337,68,56,82,79,52,348,69,58,73,74,74,335,68,67,62,83,55,398,86,83,79,82,68,366,84,86,60,68,68,83,260,86,87,87,44,6,10,9,12,7,2088,443,3,2,High,High,3,Normal (185+),Yes,67,65,73,70,86,82,Belgium,"Tackling, Tactician",Premier League,LCB,5,2019,LCB,5,https://cdn.sofifa.net/players/172/871/18_120.png,https://sofifa.com/player/172871/jan-vertonghen/180084/
FIFA 18,I. Rakitić,CM,29,86,86,FC Barcelona,2014 ~ 2021,"184cm / 6'0""",78kg / 172lbs,Right,83,CAM,24-Jun-14,€42.5M,€275K,€87.1M,389,81,83,58,87,80,433,84,88,84,90,87,346,67,64,72,77,66,357,84,44,78,63,88,381,67,69,80,87,78,81,170,52,65,53,51,14,11,12,5,9,2127,444,3,3,Medium,Medium,4,Normal (170-185),Yes,65,84,86,82,60,67,Croatia,Playmaker,La Liga,RCM,4,2021,Unknown,Unknown,https://cdn.sofifa.net/players/168/651/18_120.png,https://sofifa.com/player/168651/ivan-rakitic/180084/
FIFA 18,Filipe Luís,LB,31,86,86,Atlético Madrid,2015 ~ 2019,"182cm / 6'0""",73kg / 161lbs,Left,84,LB,29-Jul-15,€29M,€90K,€59.5M,347,85,59,68,79,56,384,77,74,75,77,81,379,79,82,74,84,60,367,71,71,91,74,60,371,81,84,71,70,65,88,256,85,84,87,49,11,15,9,9,5,2153,461,3,3,High,Medium,3,Lean (170-185),Yes,81,62,78,77,83,80,Brazil,Unknown,La Liga,LB,3,2019,SUB,6,https://cdn.sofifa.net/players/164/169/18_120.png,https://sofifa.com/player/164169/filipe-luis-kasmirski/180084/
FIFA 18,L. Sané,"LW, RW",21,85,92,Manchester City,2016 ~ 2021,"183cm / 6'0""",75kg / 165lbs,Left,85,LW,2-Aug-16,€54M,€160K,€111.7M,386,83,80,72,79,72,387,88,82,68,64,85,440,93,95,90,80,82,381,85,66,83,70,77,323,59,32,84,81,67,78,93,26,32,35,52,8,12,9,9,14,2062,445,3,3,High,Medium,2,Lean (170-185),Yes,94,80,78,87,35,71,Germany,"Speedster, Dribbler, Acrobat",Premier League,LW,19,2021,SUB,10,https://cdn.sofifa.net/players/222/492/18_120.png,https://sofifa.com/player/222492/leroy-sane/180084/
FIFA 18,Ederson,GK,23,85,89,Manchester City,2017 ~ 2025,"188cm / 6'2""",86kg / 190lbs,Left,83,GK,1-Jul-17,€36M,€110K,€69.3M,122,20,14,14,56,18,150,23,15,20,55,37,321,64,63,60,86,48,227,42,58,41,68,18,164,35,25,20,67,17,64,32,9,15,8,421,83,80,90,81,87,1437,484,3,1,Medium,Medium,2,Normal (185+),Yes,83,80,90,87,63,81,Brazil,Unknown,Premier League,GK,31,2025,SUB,23,https://cdn.sofifa.net/players/210/257/18_120.png,https://sofifa.com/player/210257/ederson-santana-de-moraes/180084/
FIFA 18,Y. Carrasco,"LM, RM",23,85,90,Unknown,Free,"181cm / 5'11""",73kg / 161lbs,Right,84,LM,26-Feb-18,€ 0,€ 0,€ 0,359,80,79,53,79,68,413,91,81,78,74,89,421,87,89,91,83,71,359,84,68,73,59,75,308,61,18,81,74,74,75,84,19,39,26,49,9,11,9,10,10,1993,426,4,4,High,Medium,3,Lean (170-185),Yes,88,79,78,89,29,63,Belgium,Acrobat,Unknown,Unknown,Unknown,Unknown,LM,11,https://cdn.sofifa.net/players/208/418/18_120.png,https://sofifa.com/player/208418/yannick-carrasco/180084/
FIFA 18,R. Sterling,"RW, LW, CF",22,85,88,Manchester City,2015 ~ 2020,"170cm / 5'7""",69kg / 152lbs,Right,84,RM,14-Jul-15,€49M,€180K,€94.3M,337,76,76,38,83,64,370,87,68,61,67,87,451,94,92,91,82,92,348,70,60,81,67,70,285,34,26,86,76,63,76,160,48,58,54,63,15,12,12,15,9,2014,439,3,4,High,Medium,3,Lean (170-),Yes,93,73,76,87,46,64,England,"Speedster, Dribbler, Acrobat",Premier League,RW,7,2020,SUB,15,https://cdn.sofifa.net/players/202/652/18_120.png,https://sofifa.com/player/202652/raheem-sterling/180084/
FIFA 18,Roberto Firmino,"ST, LW",25,85,87,Liverpool,2015 ~ 2023,"181cm / 5'11""",76kg / 168lbs,Right,85,CF,6-Jul-15,€48M,€170K,€94.8M,400,72,86,75,86,81,396,87,80,67,75,87,407,78,79,82,86,82,409,81,83,90,79,76,373,71,58,86,86,72,86,134,30,62,42,44,8,11,9,6,10,2163,458,4,4,High,High,3,Lean (170-185),Yes,79,82,80,86,51,80,Brazil,"Dribbler, Engine",Premier League,ST,9,2023,SUB,21,https://cdn.sofifa.net/players/201/942/18_120.png,https://sofifa.com/player/201942/roberto-firmino-barbosa-de-oliveira/180084/
FIFA 18,R. Varane,CB,24,85,92,Real Madrid,2011 ~ 2022,"191cm / 6'3""",81kg / 179lbs,Right,83,CB,1-Jul-11,€46.5M,€170K,€104.6M,276,36,40,83,75,42,310,57,46,54,76,77,351,80,85,58,81,47,338,52,80,68,85,53,302,77,82,44,56,43,82,255,84,86,85,50,11,11,9,5,14,1882,416,3,2,Medium,High,3,Lean (185+),Yes,83,45,61,64,84,79,France,Tackling,La Liga,RCB,5,2022,RCB,4,https://cdn.sofifa.net/players/201/535/18_120.png,https://sofifa.com/player/201535/raphael-varane/180084/
FIFA 18,K. Koulibaly,CB,26,85,88,Napoli,2014 ~ 2021,"187cm / 6'2""",89kg / 196lbs,Right,84,CB,1-Jul-14,€40M,€100K,€71M,210,30,19,81,66,14,224,60,28,28,48,60,315,69,76,50,80,40,319,55,82,73,94,15,266,87,88,24,34,33,78,261,87,88,86,43,7,11,7,13,5,1638,378,2,2,High,High,3,Normal (185+),Yes,73,26,46,59,87,87,Senegal,"Tackling, Tactician, Strength, Complete defender",Serie A,LCB,26,2021,Unknown,Unknown,https://cdn.sofifa.net/players/201/024/18_120.png,https://sofifa.com/player/201024/kalidou-koulibaly/180084/
FIFA 18,D. Alaba,"LB, CB, CM",25,85,87,FC Bayern München,2010 ~ 2021,"180cm / 5'11""",76kg / 168lbs,Left,82,LB,10-Feb-10,€38.5M,€130K,€66.4M,369,81,63,75,82,68,405,79,78,85,80,83,407,86,81,79,84,77,404,83,82,87,69,83,388,69,84,77,78,80,79,240,78,82,80,50,5,7,14,15,9,2263,471,4,3,High,Medium,4,Lean (170-185),Yes,83,73,81,80,80,74,Austria,Unknown,Bundesliga,LB,27,2021,CAM,8,https://cdn.sofifa.net/players/197/445/18_120.png,https://sofifa.com/player/197445/david-alaba/180084/
FIFA 18,Koke,"CM, RM, LM",25,85,88,Atlético Madrid,2011 ~ 2019,"177cm / 5'10""",73kg / 161lbs,Right,83,CM,1-Jan-11,€47.5M,€80K,€100.9M,358,84,71,61,86,56,412,80,85,76,85,86,384,74,70,77,84,79,385,84,61,84,75,81,367,71,66,82,89,59,75,186,66,69,51,54,14,12,5,10,13,2146,456,4,3,High,High,3,Normal (170-185),Yes,72,75,86,82,65,76,Spain,Playmaker,La Liga,LM,6,2019,RCM,8,https://cdn.sofifa.net/players/193/747/18_120.png,https://sofifa.com/player/193747/jorge-resurreccion/180084/
FIFA 18,K. Navas,GK,30,85,85,Real Madrid,2014 ~ 2020,"185cm / 6'1""",80kg / 176lbs,Right,83,GK,4-Aug-14,€24.5M,€160K,€50.2M,78,11,15,11,30,11,98,16,11,15,37,19,310,54,53,60,82,61,222,21,74,39,75,13,147,32,20,16,54,25,49,40,12,14,14,407,89,78,72,80,88,1302,460,3,1,Medium,Medium,3,Normal (185+),Yes,89,78,72,88,53,80,Costa Rica,Unknown,La Liga,GK,1,2020,Unknown,Unknown,https://cdn.sofifa.net/players/193/041/18_120.png,https://sofifa.com/player/193041/keylor-navas/180084/
FIFA 18,K. Manolas,CB,26,85,87,Roma,2014 ~ 2022,"189cm / 6'2""",83kg / 183lbs,Right,84,CB,26-Aug-14,€38.5M,€100K,€68.3M,193,27,10,80,60,16,220,54,30,10,61,65,380,82,85,68,85,60,300,40,86,78,84,12,245,86,86,25,22,26,79,264,88,87,89,49,8,6,8,15,12,1651,375,2,2,Low,High,3,Lean (185+),No,84,18,42,61,87,83,Greece,"Tackling, Tactician",Serie A,RCB,44,2022,LCB,4,https://cdn.sofifa.net/players/192/774/18_120.png,https://sofifa.com/player/192774/kostas-manolas/180084/
FIFA 18,B. Leno,GK,25,85,88,Bayer 04 Leverkusen,2012 ~ 2020,"190cm / 6'3""",83kg / 183lbs,Right,83,GK,1-Jan-12,€34M,€60K,€60.4M,78,9,9,13,37,10,88,16,9,8,33,22,275,46,52,52,81,44,221,23,73,43,68,14,133,28,22,7,53,23,62,41,8,15,18,411,85,84,74,85,83,1247,460,4,1,Medium,Medium,3,Normal (185+),No,85,84,74,83,49,85,Germany,Unknown,Bundesliga,GK,1,2020,Unknown,Unknown,https://cdn.sofifa.net/players/192/563/18_120.png,https://sofifa.com/player/192563/bernd-leno/180084/
FIFA 18,N. Otamendi,CB,29,85,85,Manchester City,2015 ~ 2022,"183cm / 6'0""",81kg / 179lbs,Right,83,CB,20-Aug-15,€30M,€180K,€55.5M,323,52,54,85,75,57,279,49,50,39,72,69,335,62,64,69,78,62,371,69,87,76,83,56,321,91,86,51,48,45,84,254,83,86,85,48,12,5,8,11,12,1931,409,3,2,High,High,3,Normal (170-185),Yes,63,57,62,59,85,83,Argentina,Tackling,Premier League,LCB,30,2022,RCB,17,https://cdn.sofifa.net/players/192/366/18_120.png,https://sofifa.com/player/192366/nicolas-otamendi/180084/
FIFA 18,N. Matić,"CDM, CM",28,85,85,Manchester United,2017 ~ 2020,"194cm / 6'4""",85kg / 187lbs,Left,83,CDM,31-Jul-17,€31M,€180K,€57.4M,370,71,64,77,84,74,376,78,70,67,82,79,322,62,66,56,85,53,402,78,71,89,89,75,381,83,85,69,75,69,84,238,78,85,75,57,7,15,12,14,9,2146,455,3,3,Medium,High,3,Lean (185+),Yes,64,70,78,75,81,87,Serbia,"Aerial threat, Strength",Premier League,CDM,31,2020,Unknown,Unknown,https://cdn.sofifa.net/players/191/202/18_120.png,https://sofifa.com/player/191202/nemanja-matic/180084/
FIFA 18,M. Reus,"LM, LW, ST, CAM",28,85,85,Borussia Dortmund,2012 ~ 2023,"180cm / 5'11""",75kg / 165lbs,Right,85,CAM,1-Jul-12,€39M,€100K,€66.3M,386,77,86,49,86,88,421,86,90,84,76,85,425,86,88,86,84,81,379,87,72,66,67,87,356,49,50,86,86,85,83,112,30,36,46,61,12,12,13,13,11,2140,443,4,4,Medium,Medium,4,Lean (170-185),Yes,87,86,83,85,39,63,Germany,"Dribbler, Playmaker, Distance shooter, Acrobat, Clinical finisher, Complete midfielder",Bundesliga,LCM,11,2023,CAM,11,https://cdn.sofifa.net/players/188/350/18_120.png,https://sofifa.com/player/188350/marco-reus/180084/
FIFA 18,İ. Gündoğan,"CM, CDM",26,85,86,Manchester City,2016 ~ 2020,"180cm / 5'11""",80kg / 176lbs,Right,83,CM,1-Jul-16,€44.5M,€190K,€85.7M,358,74,72,49,88,75,410,85,81,74,83,87,389,72,69,82,86,80,357,77,62,71,73,74,388,68,78,79,87,76,87,188,57,67,64,48,11,14,5,5,13,2138,447,4,4,High,Medium,3,Normal (170-185),Yes,70,74,83,85,64,71,Germany,Playmaker,Premier League,SUB,8,2020,SUB,21,https://cdn.sofifa.net/players/186/942/18_120.png,https://sofifa.com/player/186942/ilkay-gundogan/180084/
FIFA 18,T. Alderweireld,CB,28,85,86,Tottenham Hotspur,2015 ~ 2020,"187cm / 6'2""",91kg / 201lbs,Right,83,CB,8-Jul-15,€35M,€140K,€67.4M,306,64,45,82,77,38,345,62,63,69,81,70,324,63,67,60,84,50,388,86,81,74,81,66,348,80,83,58,67,60,81,263,89,90,84,66,16,6,14,16,14,2040,426,3,2,Medium,Medium,3,Normal (185+),Yes,65,58,72,65,87,79,Belgium,Unknown,Premier League,SUB,4,2020,RCB,2,https://cdn.sofifa.net/players/184/087/18_120.png,https://sofifa.com/player/184087/toby-alderweireld/180084/
FIFA 18,I. Perišić,"LM, CAM",28,85,85,Inter,2015 ~ 2022,"187cm / 6'2""",80kg / 176lbs,Right,83,LM,1-Sep-15,€39M,€110K,€66.3M,400,84,79,80,79,78,391,84,73,75,74,85,402,83,88,78,81,72,414,84,84,89,76,81,354,65,49,86,78,76,80,132,26,52,54,38,6,7,10,9,6,2131,453,5,4,Medium,Medium,3,Lean (185+),Yes,86,81,79,83,47,77,Croatia,Unknown,Serie A,LM,44,2022,Unknown,Unknown,https://cdn.sofifa.net/players/181/458/18_120.png,https://sofifa.com/player/181458/ivan-perisic/180084/
FIFA 18,E. Džeko,ST,31,85,85,Roma,2015 ~ 2020,"193cm / 6'4""",84kg / 185lbs,Right,83,ST,1-Jul-15,€34.5M,€110K,€58.7M,390,63,89,84,77,77,351,76,65,54,72,84,309,65,68,57,83,36,391,86,66,78,82,79,331,51,50,89,74,67,83,55,11,28,16,63,9,11,13,15,15,1890,404,4,2,Medium,Medium,3,Lean (185+),Yes,67,85,71,75,32,74,Bosnia and Herzegovina,Poacher,Serie A,ST,9,2020,Unknown,Unknown,https://cdn.sofifa.net/players/180/930/18_120.png,https://sofifa.com/player/180930/edin-dzeko/180084/
FIFA 18,Diego Costa,ST,28,85,85,Atlético Madrid,2018 ~ 2021,"188cm / 6'2""",83kg / 183lbs,Right,82,ST,1-Jan-18,€40M,€100K,€82M,380,65,88,82,65,80,332,77,62,59,52,82,349,76,78,58,85,52,390,82,64,80,91,73,369,93,40,87,74,75,83,101,28,39,34,55,11,13,12,8,11,1976,427,4,3,High,Medium,4,Normal (185+),Yes,77,83,64,76,40,87,Spain,Strength,La Liga,LS,18,2021,ST,19,https://cdn.sofifa.net/players/179/844/18_120.png,https://sofifa.com/player/179844/diego-da-silva-costa/180084/
FIFA 18,M. Benatia,CB,30,85,85,Juventus,2014 ~ 2020,"189cm / 6'2""",94kg / 207lbs,Right,83,CB,26-Aug-14,€28.5M,€140K,€47M,278,45,47,84,65,37,255,64,34,27,65,65,340,72,76,59,80,53,327,62,84,68,89,24,294,82,86,38,47,41,78,258,88,86,84,37,7,4,8,7,11,1789,404,3,2,Medium,High,3,Normal (185+),Yes,74,44,54,64,86,82,Morocco,"Tactician, Strength",Serie A,RCB,4,2020,Unknown,Unknown,https://cdn.sofifa.net/players/177/509/18_120.png,https://sofifa.com/player/177509/medhi-benatia/180084/
FIFA 18,Sokratis,CB,29,85,85,Borussia Dortmund,2013 ~ 2019,"186cm / 6'1""",85kg / 187lbs,Right,83,CB,1-Jul-13,€30M,€90K,€51M,283,47,44,86,60,46,241,58,36,35,54,58,362,70,81,62,81,68,372,79,87,72,86,48,298,90,80,50,45,33,82,261,86,89,86,36,6,8,5,12,5,1853,408,3,2,Medium,High,3,Normal (185+),Yes,76,52,51,60,86,83,Greece,"Tackling, Strength",Bundesliga,RCB,25,2019,RCB,19,https://cdn.sofifa.net/players/172/879/18_120.png,https://sofifa.com/player/172879/sokratis-papastathopoulos/180084/
FIFA 18,B. Matuidi,"CDM, CM",30,85,85,Juventus,2017 ~ 2020,"180cm / 5'11""",75kg / 165lbs,Left,83,CDM,18-Aug-17,€28.5M,€140K,€47M,362,75,64,68,83,72,353,78,65,52,79,79,404,79,79,83,84,79,404,78,84,94,78,70,375,86,86,72,75,56,82,248,80,84,84,48,8,11,5,10,14,2194,469,2,2,High,High,3,Lean (170-185),Yes,79,68,77,79,82,84,France,"Engine, Tactician",Serie A,LCM,14,2020,SUB,14,https://cdn.sofifa.net/players/170/890/18_120.png,https://sofifa.com/player/170890/blaise-matuidi/180084/
FIFA 18,Miranda,CB,32,85,85,Inter,2017 ~ 2022,"186cm / 6'1""",78kg / 172lbs,Right,83,CB,1-Jul-17,€22M,€100K,€37.4M,294,48,43,82,70,51,276,64,32,39,69,72,339,67,74,61,80,57,338,70,82,65,80,41,320,82,88,43,58,49,80,261,88,88,85,53,12,6,10,13,12,1881,411,3,2,Medium,High,3,Lean (185+),Yes,71,49,60,67,87,77,Brazil,"Tackling, Tactician",Serie A,LCB,25,2022,RCB,3,https://cdn.sofifa.net/players/168/609/18_120.png,https://sofifa.com/player/168609/joao-miranda-de-souza-filho/180084/
FIFA 18,Falcao,ST,31,85,85,AS Monaco,2013 ~ 2020,"177cm / 5'10""",72kg / 159lbs,Right,83,ST,1-Jul-13,€34.5M,€70K,€65.6M,394,55,87,90,78,84,368,74,83,71,58,82,386,73,66,85,87,75,392,79,90,68,75,80,358,75,41,90,68,84,87,77,16,42,19,43,10,13,6,9,5,2018,410,4,3,High,Medium,3,Normal (170-185),Yes,69,84,68,78,37,74,Colombia,"Aerial threat, Clinical finisher",Ligue 1,ST,9,2020,RS,9,https://cdn.sofifa.net/players/167/397/18_120.png,https://sofifa.com/player/167397/radamel-falcao-garcia-zarate/180084/
FIFA 18,K. Benzema,ST,29,85,85,Real Madrid,2009 ~ 2021,"185cm / 6'1""",81kg / 179lbs,Right,83,CF,1-Jul-09,€38.5M,€250K,€78.9M,398,75,80,78,86,79,375,82,79,73,55,86,377,78,78,77,83,61,382,83,70,73,80,76,340,65,22,85,86,82,79,40,13,15,12,41,13,11,5,5,7,1953,415,4,4,Medium,Low,4,Normal (170-185),Yes,78,80,78,82,22,75,France,Unknown,La Liga,ST,9,2021,Unknown,Unknown,https://cdn.sofifa.net/players/165/153/18_120.png,https://sofifa.com/player/165153/karim-benzema/180084/
FIFA 18,Cesc Fàbregas,"CM, CDM",30,85,85,Chelsea,2014 ~ 2019,"180cm / 5'11""",77kg / 170lbs,Right,82,CM,1-Jul-14,€35.5M,€170K,€65.7M,405,85,75,74,90,81,412,80,78,81,88,85,337,60,56,63,81,77,360,77,65,80,64,74,341,45,50,77,91,78,92,173,56,59,58,54,6,10,8,15,15,2082,424,3,3,High,Medium,4,Normal (170-),Yes,58,76,88,80,58,64,Spain,Playmaker,Premier League,RCM,4,2019,Unknown,Unknown,https://cdn.sofifa.net/players/162/895/18_120.png,https://sofifa.com/player/162895/francesc-fabregas-i-soler/180084/
FIFA 18,F. Ribéry,"LM, LW",34,85,85,FC Bayern München,2007 ~ 2019,"170cm / 5'7""",72kg / 159lbs,Right,84,CAM,1-Jul-07,€19.5M,€150K,€32.2M,364,81,76,41,86,80,414,88,83,81,74,88,424,83,79,86,85,91,303,76,34,59,60,74,333,52,36,81,86,78,86,64,13,25,26,47,15,6,9,7,10,1949,410,4,5,Medium,Medium,4,Normal (170-),Yes,81,76,83,88,25,57,France,"Dribbler, Acrobat",Bundesliga,LM,7,2019,Unknown,Unknown,https://cdn.sofifa.net/players/156/616/18_120.png,https://sofifa.com/player/156616/franck-ribery/180084/
FIFA 18,V. Kompany,CB,31,85,85,Manchester City,2008 ~ 2019,"193cm / 6'4""",85kg / 187lbs,Right,82,CB,22-Aug-08,€26M,€170K,€48.1M,309,61,45,84,73,46,312,63,61,52,66,70,308,59,64,59,84,42,363,75,71,74,88,55,330,87,80,41,59,63,81,253,84,85,84,38,10,9,5,8,6,1913,413,3,2,Medium,High,4,Normal (185+),Yes,62,54,65,65,84,83,Belgium,Strength,Premier League,RCB,4,2019,CB,4,https://cdn.sofifa.net/players/139/720/18_120.png,https://sofifa.com/player/139720/vincent-kompany/180084/
FIFA 18,Fernandinho,"CDM, CM",32,85,85,Manchester City,2013 ~ 2020,"179cm / 5'10""",67kg / 148lbs,Right,83,CDM,1-Jul-13,€22M,€170K,€40.7M,357,68,69,61,85,74,381,77,70,72,80,82,387,73,72,77,85,80,401,83,78,85,77,78,380,87,87,70,75,61,78,242,79,85,78,48,12,11,5,13,7,2196,464,4,3,Medium,High,3,Lean (170-185),Yes,72,74,77,79,81,81,Brazil,Tactician,Premier League,CDM,25,2020,SUB,17,https://cdn.sofifa.net/players/135/507/18_120.png,https://sofifa.com/player/135507/fernando-luiz-rosa/180084/
FIFA 18,Pepe,CB,34,85,85,Beşiktaş JK,2017 ~ 2019,"188cm / 6'2""",81kg / 179lbs,Right,82,CB,4-Jul-17,€11.5M,€80K,€21.9M,265,46,46,80,70,23,272,58,44,47,61,62,329,65,69,63,83,49,342,63,76,62,85,56,324,94,85,40,48,57,79,252,85,85,82,47,8,15,5,9,10,1831,401,3,2,Medium,High,4,Lean (185+),Yes,67,51,57,61,84,81,Portugal,Unknown,Süper Lig,RCB,5,2019,LCB,3,https://cdn.sofifa.net/players/120/533/18_120.png,https://sofifa.com/player/120533/kepler-laveran-lima-ferreira/180084/
FIFA 18,Z. Ibrahimović,ST,35,85,85,LA Galaxy,2018 ~ 2021,"195cm / 6'5""",95kg / 209lbs,Right,82,ST,23-Mar-18,€17.5M,€15K,€26.3M,407,73,86,83,79,86,398,79,81,81,73,84,312,58,59,74,82,39,387,90,68,61,86,82,357,84,20,85,79,89,90,102,41,37,24,59,13,15,10,9,12,2022,416,4,4,Medium,Low,5,Normal (185+),Yes,59,86,77,78,38,78,Sweden,"Poacher, Aerial threat, Strength, Clinical finisher, Complete forward",Major League Soccer,RS,9,2021,Unknown,Unknown,https://cdn.sofifa.net/players/041/236/18_120.png,https://sofifa.com/player/41236/zlatan-ibrahimovic/180084/
FIFA 18,K. Mbappé,"ST, RW",18,84,94,Paris Saint-Germain,"Jun 30, 2018 On loan","178cm / 5'10""",73kg / 161lbs,Right,84,CF,2-Dec-15,€47M,€80K,€ 0,386,72,85,76,79,74,378,89,76,58,68,87,425,92,93,83,80,77,377,79,71,83,75,69,341,62,49,83,77,70,80,125,41,44,40,42,13,5,7,11,6,2074,454,4,4,High,Medium,3,Lean (170-185),Yes,93,79,74,87,47,74,France,"Speedster, Dribbler",Ligue 1,RW,29,30-Jun-18,RM,10,https://cdn.sofifa.net/players/231/747/18_120.png,https://sofifa.com/player/231747/kylian-mbappe/180084/
FIFA 18,E. Bailly,CB,23,84,89,Manchester United,2016 ~ 2020,"187cm / 6'2""",77kg / 170lbs,Right,83,CB,1-Jul-16,€35.5M,€150K,€68.3M,279,51,33,81,72,42,276,63,46,43,56,68,359,75,80,63,78,63,350,55,84,78,85,48,319,87,85,47,54,46,74,252,82,85,85,55,14,14,10,9,8,1890,412,3,2,Medium,High,2,Normal (185+),Yes,78,42,59,65,84,84,Côte d'Ivoire,Unknown,Premier League,SUB,3,2020,SUB,2,https://cdn.sofifa.net/players/225/508/18_120.png,https://sofifa.com/player/225508/eric-bailly/180084/
